name,free_returns,items_sold,price,status,shipping
Shop on eBay,False,,2000,Brand New,
No Pull Dog Pet Harness Adjustable Control Vest Dogs Reflective XS S M Large XXL,True,,594,Brand New,
2-PK Cat DOG PET PAW SAFE Seatbelt Car Seat Belt Adjustable Harness Lead 5 STARS,True,1042,995,Brand New,
Roblox Murder Mystery 2 MM2 Super Rare Godly Knives and Guns *FAST DELIVERY*,False,0,99,Brand New,0
2725 FT Dog Training US Collar Rechargeable Remote Shock  PET Waterproof Trainer,True,,2595,Brand New,0
Dog Training Collar Rechargeable Remote Control Electric Pet Shock Vibration,True,,2099,Brand New,299
100 used tennis balls  LOW COST DOGGIE BALLS -  FREE SHIP - SAVE 10%,True,,3895,Pre-Owned,0
Pet Dog Vest Jacket Warm Waterproof Clothes Winter Padded Coat  Small/Large US,False,215,759,Brand New,0
4 Leg Pet Dog Clothes Cat Puppy Coat Sports Hoodies Warm Sweater Jacket Clothing,False,,649,New (Other),0
Roblox Murder Mystery 2 MM2 Super Rare Chroma Knives and Guns *FAST DELIVERY*,False,112,99,Brand New,0
100 Used Tennis Balls   SHIPS TODAY Support Recycleballs non-profit,True,,3895,Pre-Owned,0
‚ú®Adopt Me Pets Fly Ride Fr Neon NFR Mega MFR | Cheap Prices | Same Day Delivery‚ú®,False,24,99,Brand New,
Pet Dog Cat Warm Sweater Vest Fleece Coat Jacket Puppy T-shirt Clothes Costume,False,,249,Brand New,0
Skylanders SWAP FORCE COMPLETE YOUR COLLECTION Buy 3 get 1 Free! *$6 Minimum* üéº,False,45,99,Pre-Owned,0
Custom Dog collar leather personalized Brass Name Plate  small medium large dog,False,,998,Brand New,0
Tactical Dog Harness with Handle No-pull Large Military Dog Vest US Working Dog,True,0,1263,Brand New,0
Dog LED Collar Blinking Night Flashing Light Up Glow Adjustable Pets Safety USA,False,,400,Brand New,
NFR and MFR Pets only Neon and Mega's,False,18,200,Brand New,0
Soft Leather Personalized Dog Collar ID Tag Engraved for Small Medium Large Dogs,True,,699,Brand New,0
Littlest Pet Shop Lot 12 Pc Random House Mini Playset Dog or Cat and Accessories,True,,1495,Pre-Owned,395
Cat Dog Pet Harness Adjustable Control Vest Dogs Reflective S M L XL leash,False,,699,Brand New,
Dog Man Unleashed (Dog Man #2): From the Creator of Captain Underpants - GOOD,True,,409,Pre-Owned,0
Pet Puppy Dog Cat Warm Sweater Vest Knitted Clothes Winter Coat Apparel Clothes,True,,788,New (Other),0
Dog Shirt Adidog Dog SweatShirt Clothes Warm Hoodie Coat Hooded Sweatshirt NEW ,False,,699,Brand New,0
Waterproof winter dog warmer coat Vest jacket dog warm clothes padded Large dogs,False,,979,Brand New,0
Skylanders GIANTS COMPLETE YOUR COLLECTION Buy 3 get 1 Free! *$6 Minimum*üéº,False,384,99,Pre-Owned,0
Small Dog Breathable Mesh harness Vest Collar soft chest strap XXS-L Leash set ,True,,798,Brand New,0
Littlest Pet Shop Lot 12 Random Animals w 1 Dog Cat Authentic Lps BUY3 GET 1FREE,True,,2735,Pre-Owned,
Dog Man and Cat Kid: From the Creator of Captain Underpants (Dog Man #4) - GOOD,True,,418,Pre-Owned,0
No Pull Dog Pet Harness Adjustable Control Vest Dogs Reflective XS S M Large XXL,True,,589,Brand New,0
SEATBELT LEASH Dog Pet Car Safety Belt Harness Collar Restraint Lead Adjustable,True,,555,Brand New,
Service Dog Vest Harness Canine Lightweight Reflective Adjustable XXS - XL Sizes,True,0,2069,Brand New,
Premium LED Dog Collar USB Rechargeable bright lighted blinking modes ,True,,1299,Brand New,0
"Dog Man #8 - Hardcover By Pilkey, Dav - GOOD",True,,486,Pre-Owned,0
Adopt Me Pets Shop-MEGA NEON FLY RIDE MFR NFR FR Legendary Pets- CHEAP AND TRUST,False,37,489,Brand New,0
"1 2 4 5 up to  25 used TENNIS BALLS in good condition!Great for DOG TOYS,WALKERS",False,198,435,Pre-Owned,0
2 Leg Pet Dog Clothes Cat Puppy Coat Winter Hoodies Warm Sweater Jacket Clothing,False,,549,New (Other),0
If You Give a Dog a Donut - Paperback By Laura  Numeroff - GOOD,True,,359,Pre-Owned,0
Pet Dollar Store ... all items between $1-$1.99,False,,100,Brand New,0
Tactical Dog Harness with Handle No-pull Large Military Dog Vest US Working Dog,False,,2598,Brand New,0
Pet Control Harness for Dog Cat Soft DOUBLE Mesh Walk Collar Safety Strap Vest,True,250,752,Brand New,
Dog Man: Brawl of the Wild: From the Creator of Captain Underpants (Dog  - GOOD,True,,416,Pre-Owned,0
No Pull Dog Pet Harness Adjustable Control Vest Dogs Reflective XS S M Large XXL,False,108,895,Brand New,
"20, 50, or 100 Used Tennis Balls - Great for Dog Toys!",True,,1595,Pre-Owned,0
Dog Man: From the Creator of Captain Underpants (Dog Man #1) - Hardcover - GOOD,True,,429,Pre-Owned,0
Dog Man: A Tale of Two Kitties: From the Creator of Captain Underpants (D - GOOD,True,,407,Pre-Owned,0
PU Personalized Dog Collars Name ID Collar with Name plate XS-XL Engraved ,False,,898,Brand New,0
Mega Neon Fly Ride | MFR  NFR  FR | Adopt  Pet *FAST DELIVERY AND CHEAP*,False,19,280,Brand New,0
Dog Man: Lord of the Fleas: From the Creator of Captain Underpants (Dog  - GOOD,True,,439,Pre-Owned,0
"PETnSport Dog Harness No Pull - Heavy Duty, Adjustable Vest with 2 Leash Clips",False,,795,Brand New,
5 PCS/bag LPS Toys Pet Shop Great Dane Dog Collie puppy Short Hair Cat Rare toy,False,394,1599,Pre-Owned,0
"Dog Days  (Diary of a Wimpy Kid, Book 4) - Hardcover By Kinney, Jeff - GOOD",True,,359,Pre-Owned,0
Personalized Dog Collar Custom Engraved Pet Name ID Durable Nylon Adjustable S-L,False,,899,Brand New,0
2psc LPS bobble head Toys Great Dane Dog Littlest Pet Shop Brown White Puppy toy,False,516,799,Pre-Owned,0
Tactical Dog Harness for Medium Large Dogs No Pull Adjustable,True,,1499,Brand New,
Rabbitgoo No-Pull Dog Pet Harness Control Adjustable Large with Handle S M L XL,True,,1044,Brand New,0
A Dog's Purpose - DVD By Britt Robertson - VERY GOOD,True,,407,Pre-Owned ¬∑ DVD ¬∑ A Dog's Purpose,0
Cute Warm Fleece Pet Dog Jumpsuit Pajamas Clothes Puppy Cat Sweater Coat Costume,False,,759,Brand New,0
Dog Shock Training Collar Rechargeable LCD Remote Control Waterproof 330 Yards,True,,1399,Brand New,0
CHEAP Adopt Me Pets Shop - MEGA NEON FLY RIDE MFR NFR FR,False,,268,Brand New,0
Petlab Co Probiotic Chews - for Dogs,False,,2400,Brand New,0
Anti Barking Automatic Dog Shock Training Collar Pet For Small Medium Large Dog,True,,895,Brand New,104
Flee Gone Fast 1hr results Control 50 Capsules Dog Cat 2-13lb Natural Supplement,True,,2499,Brand New,
PET SIMULATOR X (PSX) - Huge Dog CLEAN 100% (CHEAPEST&FAST),False,37,1050,Brand New,
PET SIMULATOR X (PSX) - Huge Crystal Dog CLEAN 100% (CHEAPEST&FAST),False,88,899,Brand New,
2800 FT Remote Dog Shock Training Collar Rechargeable Waterproof Pet Trainer,True,,2499,Brand New,0
Dog Pajamas Soft Warm FLEECE Jumpsuit Cute Pet Clothes for Small and Medium Pet,False,,899,Brand New,499
2pc Dog Training WHISTLE UltraSonic Obedience Stop Barking Pet Sound Pitch Black,True,,349,Brand New,0
100 Ct Dog Puppy 23x36 Pet Housebreaking Pad Pee Training Pads Underpads,True,0,2099,Brand New,
4 Leg Pet Dog Clothes Cat Puppy Coat Winter Hoodies Warm Sweater Jacket Clothing,False,,699,New (Other),0
Dog Pet Adjustable Nylon Collar Small Medium Large XL With Buckle Puppy,True,,698,Brand New,
Pet Dog Vest Jacket Warm Waterproof Clothes Winter Padded Puppy Coat Apparel,False,,1390,Brand New,
Dog Pet Harness Adjustable Control Vest Dogs Reflective XS S M L XL & Leash Set,False,41,835,Brand New,0
Dog Pet Harness Adjustable Control Vest Dogs Reflective XS S M L XL & Leash Set,False,68,883,Brand New,0
No Pull Pet Service Dog Vest Harness Handle Adjust. Control Reflective S M L XL,True,,1160,Brand New,
Reflective Dog Collar Pet Cat Puppy Nylon Collar with Bell Neck Adjustable,False,,345,Brand New,
Shop on eBay,False,,2000,Brand New,
"Wonder Paws Fish Oil For Dogs - Omega 3 For Dogs From Alaskan Salmon, Cod & Kril",False,,1695,Brand New,0
Service Dog Harness Vest Reflective - K9 Patches - Waterproof ALL ACCESS CANINE‚Ñ¢,True,,712,Brand New,
NEW 2600 FT Remote Dog Shock Training Collar Rechargeable Waterproof Pet Trainer,True,,2497,Brand New,
Tracki 4G GPS Tracker Mini Real time Hidden Dog Car Vehicle kids Tracking device,True,,1888,Brand New,0
Dog Pet Adjustable Nylon Collar Small Medium Large XL With Buckle Puppy,True,,698,Brand New,
Pet Dog Vest Jacket Warm Waterproof Clothes Winter Padded Puppy Coat Apparel,False,,1390,Brand New,
Dog Pet Harness Adjustable Control Vest Dogs Reflective XS S M L XL & Leash Set,False,41,835,Brand New,0
Dog Pet Harness Adjustable Control Vest Dogs Reflective XS S M L XL & Leash Set,False,68,883,Brand New,0
LED Adjustable Dog Collar Blinking Flashing Light Up Glow Pets Safety waterproof,False,,595,Brand New,
"150ct - NEW Dog Puppy 23x36 Pet Housebreaking Pad, Pee Training Pads,  Underpads",False,,2695,Brand New,
Waterproof Clothes Winter Warm Pet Dog Small Medium Large Dog Coat Jacket,False,73,563,Brand New,0
Small Pet Dog Warm Fleece Vest Sweater Clothes Coat Puppy Shirt With Leash Ring,False,,735,Brand New,0
LASER ENGRAVED PERSONALIZED PET TAG ID DOG CAT NAME TAGS DOUBLE SIDE,False,116,250,Brand New,0
New Dog Muzzle Anti Stop Bite Barking Chewing Mesh Mask Training Pet Small Large,True,77,595,Brand New,
2 Pcs Set Adjustable Dog Obedience Stop Barking Hot Pet Dog Training Whistle,False,,489,Brand New,0
CUSTOM ENGRAVED PERSONALIZED PET TAG ID DOG CAT NAME TAGS DOUBLE SIDE,False,,297,Brand New,0
barkOufitters Service Dog Vest Harness and 5 Sizes RED,False,88,999,Brand New,0
Pet Dog Puppy Soft Harness Vest Adjustable Reflective Service ESA Dog S M L XL,False,,1299,Brand New,700
"SNOW CREEK - HEAVY DUTY NYLON DOG COLLAR - ADJUSTABLE (MADE IN KY, USA)",False,,845,Brand New,
Winter Pet Vest Jacket Warm Puppy Dog Waterproof Clothes Small/Large Padded Coat,False,,743,Brand New,0
Donut Plush Pet Dog Cat Bed Fluffy Soft Warm Calming Bed Sleeping Kennel Nest,True,,1298,Brand New,0
Pet Dog Cat Warm Fleece Vest Clothes Puppy T Shirt Sweater Winter Coat Apparel,False,0,639,Brand New,0
Winter Warm Pet Sweater Jacket Coat Small Puppy Dog Cat Jumper Clothes Apparel,True,0,719,Brand New,0
2600 FT Dog Training US Collar Rechargeable Remote Shock PET Waterproof Trainer,True,2676,2299,Brand New,0
No Pull Dog Pet Harness Adjustable Control Vest Dogs Reflective XS S M Large XXL,True,,594,Brand New,
New ListingNo Pull Dog Pet Harness Adjustable Control Vest Dogs Reflective,False,,784,Brand New,
NEW Tactical Dog Vest Harness ‚Äì Military K9 Dog Training Vest ‚Äì Working Dog USA,True,,2599,Brand New,
"9.5"" Large Pet Dog Tennis Ball Thrower Chucker Launcher Play Toy Jumbo Size",True,,1195,Brand New,
Big Dog Collar Tactical Heavy Duty ~ K9 Dog Pet Metal Buckle USA,True,,695,Brand New,0
No Pull Dog Pet Vest Harness Adjustable Quality Nylon and LEASH SET XS S M L XL ,True,,1107,Brand New,
2750 FT Dog Training US Collar Rechargeable Remote Shock PET Waterproof Trainer,True,,2579,Brand New,0
Personalized Nylon dog collar engraved custom ID Tag Name / Number reflective ,False,,899,Brand New,0
"USA Dog Raincoat Leisure Waterproof,Adjustable Dog Reflective Raincoat S-XXXL",False,,999,Brand New,0
Wireless Electric Dog Fence Pet Containment System Shock Collars For 2 Dogs Safe,True,889,4149,Brand New,0
5Pc Dog Squeaky Toys Durable Plush Toy for Puppy Large Small Dogs Pets Squeaker,True,,1699,Brand New,
"150 House breaking 23"" x 36"" Dog PEE Pads Puppy Underpads House Training Medical",False,4591,2590,Brand New,
RECHARGEABLE LED Light-up Flash GLOW COLLAR Dog Pet Safety MICRO USB adjustable,True,,700,Brand New,
Metal Steel Dog Pinch Prong Choke Chain Collar Training Guardian Gear Adjustable,False,,899,Brand New,0
2Pack For Dog Pet Toys Aggressive Chewers Balls Plush Teeth Cleaning Squeaky Toy,True,,1359,Brand New,
Dog Cat Pet Grooming Kit Rechargeable Cordless Electric Hair Clipper Trimmer Set,True,,1299,Brand New,
Warm Fleece Dog Vest Sweater Coat Clothes Winter Apparel Jacket Small Medium Pet,False,0,899,Brand New,0
Genuine Leather Dog Collar Durable Alloy Hardware for Medium Extra Large Dogs,False,197,1199,Brand New,
Pet Dog Clothes Puppy T Shirt Clothing For Small Dogs Puppy Chihuahua Vest Plaid,False,,167,Brand New,0
Dog Man: A Tale of Two Kitties: From the Creator of Captain Underpan - VERY GOOD,True,,407,Pre-Owned,0
Rechargeable USB LED Pet Dog Glow Collar night safety adjustable flash light-up ,False,,495,Brand New,350
"100 Dog Puppy 30x36 HEAVY ABSORBENCY Pet Housebreaking Pad, Pee Training Pads",False,5307,3757,Brand New,
PET N PET Dog Poop Bags Pick up Pet Waste Bags 1080 Counts Green 9*13 large size,False,,2399,Brand New,
"100 Housebreaking 23"" x  24"" Dog PEE Pads Puppy Underpads House Training Pads",False,,1775,Brand New,
"Pets, Eggs, Gifts individuals & bundles",False,,99,Brand New,0
Winter Pet Dog Vest Jacket Warm Waterproof Clothes Padded Puppy Coat Small/Large,False,,743,Brand New,0
Pet Dog Jacket Vest Coat Chest Strap Harness Puppy Winter Warm Clothes Costume,False,,1204,Brand New,0
Small Dog Breathable Mesh harness Vest Collar soft chest strap XS-XL Leash set,False,,780,Brand New,0
Petlab Co Probiotic Chews - for Dogs,False,333,2200,Brand New,
(87) TWO Individual Paper LUNCHEON Decoupage Napkins - RED TRUCK DOGS CHRISTMAS,False,,195,Brand New,
Dog Training Collar Rechargeable Remote Control Electric Pet Shock Vibration,False,,2599,Brand New,
Dog Sweater Plaid Winter Clothes for Dogs Puppy Warm and Soft,True,0,999,Brand New,
Pet Dog Clothes T Shirt Vest Clothing Puppy Cat Cute Printed Costume Apparel ,False,,269,Brand New,0
"150ct - NEW Dog Puppy 23x36 Pet Housebreaking Pad, Pee Training Pads, Underpads",False,523,2590,Brand New,
4pcs Waterproof Puppy Dog Shoes Reflective Boots Booties Anti-slip Pet Snow Rain,False,28,899,Brand New,
Dog Pet Fleece Clothes Cat Warm Sweater Coat Winter Puppy Jacket Apparel T Shirt,False,,281,Brand New,0
 XXXS XXS Puppy Sweater Coat Clothes For Chihuahua Cat Pet Dog Clothing Apparel ,False,,379,Brand New,399
Thundershirt Dog SMALL Gray Solution Anxiety Thunder Fireworks Travel,False,,1295,Brand New,
No Pull Dog Pet Harness Adjustable Control Vest Dogs Reflective XS S M Large XXL,True,,599,Brand New,0
PET TAGS BONE (2.5cm) ID STAINLESS STEEL 2 SIDE DIAMOND ENGRAVE DOG CAT NAME TAG,False,,494,Brand New,0
Orthopedic Dog Bed XL Memory Foam Pet Sofa Cushion Removable Extra Large NEW,True,83,3499,Brand New,
2600 FT Remote Dog Shock Training Collar Rechargeable Waterproof LCD Pet Trainer,True,400,2348,Brand New,0
"Bully Sticks 6"" 100% Natural Beef Bully Sticks Dog Chews & Treats USA Sourced",True,715,950,Brand New,0
Small Dog Spiked Studded Rivets Dog Pet Faux PU Leather Collar Toy Small w-Vest,True,96,899,Brand New,
"Choke Chain Dog Collar, Various Sizes",True,111,599,Brand New,
1012 Black Poop Bag Dog Waste Pick Up Clean Bags Core. Made in USA &Dispenser,True,10000,1944,Brand New,
Dog Basic Sweatshirt Shirt Sweater Pet Coat Basic XS to XL for SMALL Dog or CAT,False,,499,Brand New,0
2600FT Rechargeable Dog Training Collar with Remote Shock Beep Waterproof Collar,True,,1499,Brand New,0
"GREENIES Original TEENIE Natural Dental Dog Treats, 65 Treats X 2 (130 Treats)",True,,2899,Brand New,
2022 Anxiety Vest Pet Calming Jacket Thunder Shirt Coat Pet Dog Jacket XS - XL ,False,,1899,Brand New,
Reusable Washable Dog Diapers(3 Pack) - Dog Wraps for both Male and Female Dogs,True,138,1859,Brand New,0
Shop on eBay,False,,2000,Brand New,
2700 FT Remote Dog Shock Training Collar Rechargeable Waterproof LCD Pet Trainer,True,,2589,Brand New,0
Pet Glove Dog Cat Hair Remover Mitt Massage Brush Deshedding Grooming,True,51,99,Brand New,0
LED Adjustable Dog Collar Blinking Night Flashing Light Up Glow Pets Safety USA,True,109,495,Brand New,
"Dog Support Harness Vest, No Pull with Reflective trim and Padded Comfort",False,,2599,Brand New,0
Sale Adopt Your Pet From Me compatible,False,,100,Brand New,0
Premium Big Dog Martingale Collar ~ No Choke ~ S M L Nylon No Buckle Training,True,34,895,Brand New,0
Pet Dog Fleece Lined Jacket Warm Coat Reflective Vest Winter Clothes Waterproof ,False,,1103,Brand New,0
USA Nylon adjustable Personalized Dog Collar Custom Embroidered Name Durable,True,,998,Brand New,0
USA Reflective Dog Vest Harness Leash Collar Set No Pull Adjustable for XS-L,True,,998,Brand New,0
Automatic Pet Dog Cat Water Fountain 2.5L LED Auto Dish Drinking Dispenser Bowl,False,195,2099,Brand New,0
Electric Pet Dog Cat Toe Nail Grinder File Claws Clippers Grooming Trimmer Tools,False,,899,Brand New,0
"Luxury Leather Designer Dog Collar In XS, S, M, L, XL (Optional Leash Available)",False,,1599,Brand New,350
Automatic Shock Control Collar No Barking For Small Medium Large Dog Anti Bark,True,,879,Brand New,0
Female Dog Diapers Washable & Reusable by PETTING IS CARING - Set Pack of 3 Unit,False,176,1198,Brand New,0
Dog Harness & Training Leash No Pull Control Adjustable Large Handle Heavy Duty,True,,1499,Brand New,
Personalized Customized Embroidered Dog Name Adjustable Nylon Collar For Dogs,False,140,1099,Brand New,0
CUSTOM ENGRAVED DOG PET TAG SINGLE SIDE PERSONALIZED ID DOG CAT CHARM TAGS,False,,298,Brand New,0
All-Weather Design Dog House Shelter Easy to Assemble Perfect for Backyards ,True,,6458,Brand New,0
Soft Leather Personalized Dog Collar Engrave ID Name Custom for Small Large Dogs,True,,998,Brand New,0
Invisible Dog Leash,True,106,999,Brand New,
2600FT Dog Training Collar Rechargeable Remote Shock PET Waterproof For 2 Dogs,True,,3799,Brand New,0
"200 Housebreaking 23"" x  24"" Dog PEE Pads Puppy Underpads House Training Pads",False,5211,2860,Brand New,
Flee Gone Dead Fast Control 2 Week Supply Dog Cat 2-13lb Natural Supplement,True,,1499,Brand New,
Pet Dog Vest Jacket Warm Waterproof Clothes Winter Padded Coat Small/Large US,False,,579,Brand New,0
LARGE SPLIT ELK ANTLER Premium Dog Chew 7‚Äù+ (1pc) **OREGON ANTLER WORKS**,True,,1095,Brand New,
$5 DEALS! Roblox Adopt me Neon Mega Neon FR R MFR NFR Cheap! ‚ú®SAME DAY DELIVERY‚ú®,False,,500,Brand New,
Small Dog Breathable Mesh harness Vest Collar soft chest strap XS-XL Leash set,False,0,494,Brand New,0
Professional Pet Dog Cat Nail Trimmer Grooming Tool Grinder Electric Clipper USA,True,943,1049,Brand New,
Tactical K9 Dog Harness with Handle No-pull Large Dog Vest+Leash US Working Dog,True,,990,Brand New,0
Ipets 1000ft Remote Dog Training Shock Collar Rechargeable Waterproof Dog Collar,True,,3199,Brand New,0
5FT Heavy Duty Dog Leash Large Pet Rope Reflective Nylon Leads with Comfy Handle,True,,637,Brand New,
Dog Shock Training Collar Rechargeable Remote Control Waterproof IP67 875 Yards,True,,2498,Brand New,
 Tactical Dog Collar w/ Handle Heavy Duty Military Service Canine Training K9 b,True,,1271,Brand New,
Stainless steel dog pet id tags (lifetime guarantee!)  Personalized w/ free ring,False,2959,595,Brand New,0
Personalized reflective Leather Dog Collar with name plate XS S M L XXL,False,,499,Brand New,0
Xbox Wireless Controller Robot White + Watch Dogs: Legion (Email Delivery),True,1227,4999,Brand New,0
VibrantLife BOSS MAN Dog Pullover Sweater Knit Pet Male Size: Medium Free Ship!,False,,989,Brand New,
Dog Clothes Pet Winter Sweater Knitwear Puppy Clothing Warm Apparel Coat US,False,,919,New (Other),0
PETKIT Pet Cat Dog Water Fountain Drinking Fountain Dispenser Bowl With Filter,False,51,999,Brand New,0
2 Pack Cat DOG PET Safety Seatbelt Car Vehicle Seat Belt Adjustable Harness Lead,True,,749,Brand New,0
LARGE Elk/Deer Antler Premium Dog Chew (1pc) **OREGON ANTLER WORKS**,True,,1495,Brand New,
Dog Bone Basic Sweatshirt Shirt Sweater Pet Coat Basic XS to XL for SMALL Dog or,False,,499,Brand New,0
Adjustable LED Pet Dog Waterproof Nylon Collars Night Safety Light Up Outdoor,True,,318,Brand New,
Warm Padded Jacket Dog Down Coat Pet Winter Apparel Fur Hooded Puppy Cat Clothes,True,0,1062,Brand New,0
Pet Dog Clothes For Small Dog Cat Clothing Sweater Coat Dog Jacket For Chihuahua,False,,247,Brand New,69
4pcs/set Waterproof Winter Warm Pet Dog Shoes Anti-slip Rain Snow Boots Puppy,False,48,399,Brand New,0
200 23x24 Puppy Training Underpads Dog Pee Training Wee Wee Pads Medical Grade,False,2790,2850,Brand New,
Dog Hoodie Warm Winter Coat Sweater Clothes Pets Puppy Cat Jacket Costume Jumper,False,,399,Brand New,0
"Dog Coats,Reversible Plaid Vest,Winter Warm Clothes,Pet Fleece Windproof Jacket",True,,1299,Brand New,
Red Dog Socket AS-SEEN-ON-TV w/ Bonus Drill Adapter Use with Most Socket,True,308,1999,Brand New,0
US Adjustable Anti-Biting Pet Dog Soft PU Leather Muzzles Mouth Mesh Cover Masks,False,,699,Brand New,
Country Brook Design¬Æ Martingale Heavyduty Nylon Dog Collar,False,59,1297,Brand New,
Black Dog DVD Patrick Swayze NEW,False,1827,600,Brand New ¬∑ DVD,0
"Seresto Flea and Tick Collar for Large Dogs, 8-Month Protection Over 18 Pounds",False,246,1899,Brand New,
"Personalized Pet Name ID Tags for Dog, Custom Double Sided Cool BONE Shape LOOK!",False,,549,Brand New,0
Chihuahua Puppy Sweater Coat Clothes For Small Pet Dog Warm Clothing Apparel USA,True,156,863,Brand New,
TOP PETS BUNDLES $20 AND UNDER - LEGENDARY NEON MEGA - FR NFR ADOPT MFR ME EGGS,False,0,299,Brand New,
"3pc Dog/Pet Pooper Scooper with Long Handle, Metal Pet Poop Tray and Rake Set ",False,,1999,Brand New,99
Pet Vest Jacket Warm Puppy Dog Waterproof Clothes Small/Large Winter Padded Coat,False,13,751,Brand New,0
100 30x36 Medical Ultra Heavy Absorbency Dog Puppy Training Pee Pads Underpads,False,10000,4699,Brand New,
"Foldable Pet Dog Grooming Arm with Clamp, Dog Grooming Loop Noose",False,,2999,Brand New,
PEDIGREE ‚ú®CHOPPED GROUND DINNER Adult Soft Wet Meaty Dog Food Variety PACK of 30,False,324,2499,Brand New,0
Pet Dog Vest Jacket Warm Waterproof Clothes Winter Padded Coat Small/Large Warm,False,,920,Brand New,0
Wireless Dog Fence Pet Containment System Waterproof Training Collars 1/2/3 Dogs,True,134,3299,Brand New,0
Elevated Dog Bed Lounger Sleep Pet Cat Raised Cot Hammock for Indoor Outdoor,False,,2699,Brand New,0
10pack Compatible RFA-67 6V Pet Dog Collar Replacement Battery For PetSafe,True,,1299,Brand New,0
Warm Fleece Dog Vest Sweater Coat Clothes Winter Apparel Jacket Small Medium Pet,True,,999,Brand New,0
Pet Dog Christmas Cosplay Costumes Outfit Santa Riding Harness Holiday Clothes,False,,1180,Brand New,0
Dog Shock Collar With Remote Waterproof Electric for Large 328 Yard Pet Training,True,,1959,Brand New,0
"30"" 36"" 42"" Dog Crate Kennel Folding Metal Pet Cage 2 Door With Tray Pan Black",True,240,3958,Brand New,0
Automatic Dog Cat Feeder and Water Dispenser Gravity Food Feeder randomly Colors,True,,1898,Brand New,
Dog DVD  NEW,False,0,1299,Brand New ¬∑ DVD ¬∑ Dog,0
No Pull Dog Pet Harness Adjustable Control Vest Dogs Reflective S M L XL XXL,False,,1099,Brand New,
Professional Pet Dog Cat Animal Clippers Hair Grooming Cordless Trimmer Shaver,True,776,799,Brand New,0
Pet Dog /Small Cat Carrier Soft Sided Comfort Bag Travel Case Airline Approved,True,,2239,Brand New,
Shop on eBay,False,,2000,Brand New,
"Dog Chew Toys for Aggressive Chewers,Indestructible Tough Durable Squeaky DogToy",False,,998,Brand New,
Tactical Dog Harness with Handle No-pull Large Military Dog Vest Working Dog Set,True,,1251,Brand New,0
3D Embroidered Service Dog Patch Label Tag For Dog Harness Collar Vest,True,81,599,Brand New,
Mesh Padded Soft Puppy Pet Dog Harness Breathable Comfortable Many Colors S M L,True,,745,Brand New,
"SALE! Black Anti-Pull Stop Pulling Dog Puppy Mesh Harness SMALL For Necks 8""-14""",True,1331,1399,Brand New,
"Metal Dog Combs 2 Pack for Grooming,Pet Comb with Rounded Ends Stainless Steel T",True,,699,Brand New,
METAL DOG LEASH DOG CHAIN LINK CHAIN POLY HANDLE 6' LONG MEDIUM SMALL BREEDS,False,,789,Brand New,
(1265) TWO Individual Paper Luncheon Decoupage Napkins -  CHRISTMAS PUPPY DOG,False,,195,Brand New,
Pet Cat Puppy Dog Bed House Kennel Cave Cat Hut Soft Washable Cushion for Indoor,True,41,2399,Brand New,0
Washable Pet Dog Cat Bed Puppy Cushion House Pet Soft Warm Kennel Dog Mat Blanke,True,,1297,Brand New,0
Dog Multi Vitamins For All Life Stages Health Care Chewable Tablets 180 Count,True,58,2150,Brand New,
Waterproof Electric Heating Pad Heater Warmer Mat Cushion Bed For Pet Dog Cat,False,144,1799,Brand New,
Genuine Leather Dog Leash Braided Heavy Duty Training Lead for Medium Large Dogs,False,384,1199,Brand New,
LED Dog Collar with LED Lights with 3 Blinking Modes USB Rechargeable Battery,True,,1199,Brand New,0
Ultrasonic Anti Dog Barking Trainer LED Light Gentle Chaser Petgentle Sonics,True,3018,875,Brand New,
2X Dog Training WHISTLE UltraSonic Obedience Stop Barking Pet Sound PitchBlack,False,,375,Brand New,0
Small Dog Breathable Adjustable Mesh Harness Vest Collar Soft Chest Strap XS-XL ,False,,209,Brand New,0
"Luxury Jacket for Dog Cat, Small Pets Clothes, Dogs Luxury Clothes",False,0,1999,Brand New,
Pet Dog Puppy Clothes Coat Jacket Winter Warm Padded Vest W/Chest Strap Harness,False,,1187,Brand New,0
PET TAGS BONE (4.0cm) ID STAINLESS STEEL 2 SIDE DIAMOND ENGRAVE DOG CAT NAME TAG,False,,494,Brand New,0
Winter Warm Plush Two-Legged Dog Puppy Vest Shirt Sweater Pet Clothes for Pets,False,0,845,New (Other),0
Personalized Dog Collar Canvas Buckle Engraved ID Name Custom S/M/L,True,,898,Brand New,0
Carhartt Sherpa Insulated Chore Dog Coat - New - Ass't Sizes - FREE SHIPPING,False,0,4999,Brand New,0
USB RECHARGEABLE CHEST HARNESS LED Pet Dog Glow Flashing Light-up Night Safety,True,,1075,Brand New,
Pet Dog Warm Jumper Knit Sweater Clothes Puppy Cat Knitwear Costume Coat Apparel,False,,949,New (Other),0
Large Pet Dog Bed Soft Warm Washable Cushion Pillow Mattress Puppy Mat XL USA,False,,2754,Brand New,0
Ultrasonic Anti Dog Barking Trainer LED Light Gentle Chaser Petgentle Sonics,True,1056,799,Brand New,
COTTON Blend Dog Pajamas Jumpsuit Soft Cute Pet Clothes Small Medium Pet XXS - L,False,,799,Brand New,499
For Apple AirTag Cat Dog Collar Reflective Collar Breakaway Buckle GPS Anti-lost,True,81,789,Brand New ¬∑ Unbranded,
US Tactical Heavy Duty Nylon Large Dog Collar K9 Military with Metal Buckle,False,,1195,Brand New,
Pet Hair Brush Dog Cat Comb GLOVE Grooming Remover Mitt Fur Massage DeShedding ,True,,549,Brand New,0
Pet Cat Dog Carrier Backpack Adjustable Pet Front Carrier Legs Out Travel Bag,True,,1230,Brand New,
Metal Steel Dog Pinch Prong Choke Chain Collar Training Guardian Gear Adjustable,False,,875,Brand New,
CUSTOM ENGRAVED PERSONALIZED PET TAG ID DOG CAT NAME TAGS DOUBLE SIDED,False,,365,Brand New,0
2 Hounds Design Freedom No Pull Dog Harness plus Leash- Medium- Read description,False,,2499,Brand New,
2 In 1 Pet Padded Warm Vest Dog Winter Jacket Coat Vest With Chest Strap Harness,False,0,1299,Brand New,
Tactical Military K9 Dog Training Collar With Metal Buckle For Heavy Duty Dog US,False,,1099,Brand New,0
"Dog Rope Toys, Puppy Pet Chew Toy for Aggressive Chewers Chew Teething 10 Pack",False,,1369,Brand New,
2 Pack Dog Toys for Aggressive Chewers Balls Plush Teeth Cleaning Squeaky Toy US,True,171,1398,Brand New,
650 YD Remote Dog Training Shock Collar Waterproof for Small Medium Large Dogs,False,,4995,Brand New,
Plush Dog Ornaments,False,,1495,Brand New,0
TWO Individual Paper Cocktail Decoupage Napkins Christmas Farm Truck Snow Dog,False,,195,Brand New,
902 PET DOG WASTE POOP BAGS / DISPENSER BLUE CORELESS,True,1582,1799,Brand New,
"Cesar Canine Cuisine Wet Dog Food, Variety Pack 8 Flavor Classic 3.5 oz., 40 ct.",False,21,3600,Brand New,0
Remote Control Rat Mouse Wireless Mice Toy For Cat Dog Pet Toy Novelty Gift,True,1698,745,Brand New,0
" Adult Dry Dog Food Grilled Steak & Vegetable Flavor Dog Kibble, 44 lb. Bag",False,10,2399,Brand New,0
(5110) TWO Individual Paper BEVERAGE / COCKTAIL Decoupage Napkins  CHRISTMAS DOG,False,,195,Brand New,
"Pedigree Complete Nutrition Adult Dry Dog Food - Chicken, Rice & Vegetables 44Lb",False,0,3999,Brand New,0
‚ö°Ô∏è Adopt Me Pets Mega MFR Neon NFR Fly Ride FR No Potion ‚ö°Ô∏è IMMEDIATE DELIVERY ‚ö°,False,,100,Brand New,
Breathable Small Dog Mesh harness Vest Collar soft chest strap XS-XL Leash set,False,,619,Brand New,0
"Earth Friendly Dog Pet Poop Bags 8 Rolls, Odor Blocker Dog Poop Waste Bag",True,898,799,Brand New,
Huge Crystal Dog | Pet Simulator X | 100% Not Duped | Cheap,False,,752,Brand New,0
Animated Plush Dog Toy Walks Talks Back Flips Battery Operated 2 AA Pet Puppy,False,327,1499,Brand New,
BIRDROCK HOME Mesh Dog Cot - 48 x 36 - Elevated Dog Bed - Cool Breathable Mesh -,True,415,2500,Brand New,
MEGA NEON PETS UNDER $10 - M ADOPT ROBLOX GAMES N ME CHEAP AFFORDABLE,False,,500,Brand New,
Half Chain Martingale Dog Choke Collar Pet Training Collars for Medium Large Dog,True,,854,Brand New,0
Red Dog Socket AS-SEEN-ON-TV W/ Bonus Drill Adapter Use with Most Socket,False,55,1988,Brand New,0
"Dog Poop Bags for Pet Waste, Clean Up Refills on a Roll (Variety Sizes & Colors)",False,448,799,Brand New,0
Dog Tag Custom Personalized Engraved Pet Name Stainless Steel Bone + Free Ring,False,,699,Brand New,0
 USB Rechargeable LED Dog  Light Up Safety Collar Night Glow Adjustable Bright,False,,769,Brand New,0
Dog or Goat Bells,False,34,350,Brand New,426
No Pull Dog Pet Harness Adjustable Control Vest Dogs Reflective XS S M Large XXL,False,,988,Brand New,
Cartoon Small Dog Clothes Pet Puppy Cute Vest Dog Cat Apparel 17 Color XXS-XXL,False,,819,New (Other),0
Pet Puppy Dog Mesh Sling Carry Pack Backpack Carrier Travel Tote Shoulder Bag,True,,799,Brand New,
Bluey Dog Action Figure 12 PCS Kids Toy Bingo Bluey & Friends Collection Model,False,,2358,Brand New,0
Airtag Dog Cat Collar Holder Case for Apple Air Tag - Protective Anti Lost Pets ,False,,590,Brand New,0
Professional Pet Dog Grooming Scissors Set Straight Curved Thinning Shears Kit,False,,1799,Brand New,0
16ft Automatic Retractable Dog Leash Pet Collar Automatic Walking Lead FreeLeash,False,892,759,Brand New,0
MALE DOG Belly Band WRAPS WASHABLE by PETTING IS CARING - Set Pack 3 of units ,False,755,1198,Brand New,0
BRASS DOG TAGS MILITARY PERSONALIZED CUSTOM PET NAME ID ENGRAVED FOR COLLAR,False,,699,Brand New,0
New Cat Dog Pajamas Soft Pet Clothes Apparel Puppy Jumpsuit Sleepwear XS to XXL,False,,174,Brand New,0
Slip Lead Dog Leash Heavy Duty Reflective 6 ft - PINK,False,34,600,Brand New,
Thundershirt Dog LARGE 41-64 lbs Gray Solution Anxiety Thunder Fireworks Travel,False,23,1300,New (Other),
Reflective Nylon Cat Collar With Bell For kitten Small Dog Puppy Pet Adjustable,True,,366,Brand New,
ALBCORP Tactical Dog Vest Harness ‚Äì Military K9 Dog Training Vest ‚Äì Working Dog,False,,2695,Brand New,1060
